return_id,order_id,return_date,reason,refund_amount
1,77,2025-06-25,Changed mind,225.47
2,79,2024-10-27,Late delivery,129.06
3,114,2024-03-16,Changed mind,131.69
4,170,2025-03-20,Not as described,101.9
5,172,2025-09-04,Changed mind,275.42
6,290,2024-02-27,Wrong item,715.95
7,337,2024-07-24,Changed mind,105.21
8,384,2024-12-05,Wrong item,596.76
9,502,2024-10-26,Wrong item,158.13
10,510,2025-06-05,Wrong item,65.11
11,638,2025-06-14,Changed mind,521.68
12,810,2025-08-25,Not as described,192.27
13,814,2026-01-10,Wrong item,475.16
14,864,2024-05-23,Not as described,455.75
15,892,2024-04-26,Wrong item,65.4
16,967,2025-10-31,Changed mind,129.84
17,1069,2024-10-04,Late delivery,309.76
18,1272,2024-07-14,Late delivery,216.39
19,1290,2024-12-29,Not as described,151.68
20,1386,2024-11-15,Late delivery,21.55
21,1406,2024-03-07,Damaged,28.49
22,1420,2024-01-26,Damaged,92.74
23,1574,2025-12-21,Not as described,285.62
24,1634,2025-04-04,Late delivery,32.59
25,1689,2024-06-18,Late delivery,250.36
26,1704,2024-04-01,Changed mind,201.14
27,1760,2025-10-08,Changed mind,16.49
28,1800,2024-05-14,Late delivery,78.02
29,1803,2025-05-06,Wrong item,27.1
30,1840,2025-03-07,Wrong item,507.74
31,1882,2025-03-21,Damaged,39.43
32,1912,2025-10-15,Wrong item,732.02
33,1959,2024-06-29,Not as described,215.98
34,1978,2025-01-08,Damaged,37.74
35,1986,2024-07-31,Not as described,123.12
36,2045,2025-02-06,Changed mind,22.84
37,2118,2025-02-19,Late delivery,37.75
38,2183,2024-07-14,Late delivery,608.24
39,2199,2025-12-28,Wrong item,44.92
40,2238,2024-10-09,Not as described,51.26
41,2272,2024-07-27,Late delivery,285.68
42,2298,2024-02-15,Not as described,46.71
43,2299,2024-12-26,Damaged,76.15
44,2327,2025-06-16,Not as described,156.9
45,2533,2024-04-18,Changed mind,50.75
46,2617,2025-12-03,Wrong item,144.02
47,2651,2024-05-04,Changed mind,422.11
48,2658,2024-03-23,Not as described,521.51
49,2660,2025-03-11,Changed mind,551.51
50,2693,2025-07-27,Changed mind,48.92
51,2772,2024-07-02,Damaged,97.98
52,2838,2025-10-23,Changed mind,205.81
53,2849,2025-06-30,Changed mind,53.12
54,2933,2025-01-02,Damaged,11.0
55,3026,2024-02-21,Damaged,15.8
56,3028,2024-05-07,Late delivery,190.85
57,3067,2024-10-24,Changed mind,602.03
58,3082,2025-08-05,Changed mind,46.51
59,3088,2024-01-30,Damaged,26.03
60,3160,2025-09-09,Late delivery,53.76
61,3230,2024-01-27,Changed mind,19.05
62,3247,2025-06-05,Late delivery,75.42
63,3295,2025-04-11,Changed mind,1123.73
64,3390,2025-06-12,Late delivery,424.1
65,3472,2025-01-16,Changed mind,350.16
66,3636,2024-07-20,Late delivery,835.85
67,3663,2024-09-09,Wrong item,80.45
68,3730,2025-12-05,Damaged,229.15
69,3765,2024-03-07,Wrong item,337.74
70,3850,2024-12-14,Not as described,148.85
71,3889,2025-03-12,Damaged,426.52
72,4075,2024-07-11,Damaged,44.25
73,4090,2025-05-12,Wrong item,130.89
74,4185,2024-07-10,Damaged,260.63
75,4347,2025-10-27,Changed mind,207.75
76,4411,2025-08-05,Damaged,226.42
77,4467,2025-04-02,Changed mind,84.66
78,4507,2024-04-03,Late delivery,26.51
79,4536,2024-11-26,Wrong item,45.62
80,4560,2024-02-06,Changed mind,40.78
81,4605,2024-10-01,Changed mind,80.26
82,4631,2024-11-22,Damaged,97.76
83,4646,2024-05-19,Wrong item,12.4
84,4677,2025-05-06,Late delivery,154.05
85,4725,2025-07-13,Not as described,12.8
86,4745,2025-06-03,Late delivery,294.04
87,4749,2025-10-12,Changed mind,86.76
88,4815,2024-12-16,Changed mind,64.23
89,4873,2025-04-20,Damaged,159.68
90,5042,2024-02-29,Late delivery,784.88
91,5097,2024-03-24,Wrong item,9.76
92,5256,2025-12-10,Wrong item,407.13
93,5270,2025-06-23,Wrong item,315.93
94,5472,2025-02-07,Damaged,256.98
95,5473,2025-11-28,Late delivery,10.23
96,5509,2024-03-09,Changed mind,142.52
97,5515,2024-07-30,Not as described,313.29
98,5528,2025-11-23,Late delivery,41.56
99,5575,2024-07-21,Late delivery,23.26
100,5891,2025-02-17,Changed mind,329.48
101,5943,2025-11-21,Changed mind,67.28
102,5949,2025-10-09,Not as described,381.03
103,5959,2025-10-27,Wrong item,12.75
104,6001,2024-03-17,Damaged,248.78
105,6002,2025-11-24,Damaged,62.94
106,6100,2025-04-05,Changed mind,99.67
107,6128,2024-04-19,Changed mind,297.95
108,6226,2025-08-29,Not as described,563.19
109,6336,2024-09-07,Not as described,962.83
110,6358,2025-07-25,Changed mind,173.51
111,6360,2025-06-14,Changed mind,338.79
112,6443,2025-07-18,Not as described,236.83
113,6512,2024-04-05,Changed mind,47.84
114,6552,2024-12-08,Changed mind,18.27
115,6583,2024-01-13,Not as described,202.92
116,6589,2025-05-07,Wrong item,653.91
117,6636,2024-10-03,Changed mind,41.87
118,6662,2025-02-10,Late delivery,30.73
119,6778,2024-03-15,Damaged,394.86
120,6810,2025-12-09,Late delivery,32.06
121,6879,2025-12-27,Late delivery,177.09
122,7056,2025-06-14,Late delivery,17.49
123,7193,2025-06-20,Late delivery,151.65
124,7236,2025-11-19,Not as described,764.92
125,7269,2025-08-17,Late delivery,205.69
126,7291,2024-12-20,Changed mind,429.4
127,7331,2025-11-28,Wrong item,715.63
128,7336,2024-07-08,Late delivery,20.05
129,7457,2024-11-22,Late delivery,185.21
130,7481,2024-06-23,Late delivery,51.42
131,7483,2025-03-18,Wrong item,282.37
132,7530,2025-10-07,Changed mind,485.27
133,7631,2025-12-31,Wrong item,443.11
134,7638,2024-06-05,Not as described,48.29
135,7740,2025-09-27,Late delivery,16.95
136,7803,2026-01-09,Wrong item,114.99
137,7871,2024-02-18,Not as described,718.19
138,7876,2024-04-24,Wrong item,633.04
139,7884,2024-02-08,Not as described,406.8
140,7910,2024-06-06,Not as described,185.08
141,8013,2024-10-06,Damaged,19.67
142,8027,2025-08-17,Not as described,213.31
143,8106,2025-04-18,Damaged,9.41
144,8153,2025-10-06,Not as described,428.69
145,8180,2025-10-06,Changed mind,487.89
146,8196,2025-09-22,Not as described,82.51
147,8248,2025-09-24,Changed mind,544.13
148,8260,2025-10-31,Wrong item,658.14
149,8361,2024-07-10,Not as described,369.63
150,8603,2025-10-24,Late delivery,174.74
151,8653,2025-08-04,Late delivery,457.05
152,8742,2024-03-18,Late delivery,40.9
153,8748,2026-01-15,Wrong item,38.16
154,8771,2025-07-31,Wrong item,132.61
155,8926,2025-08-19,Late delivery,236.8
156,9046,2025-10-24,Damaged,190.28
157,9145,2024-04-08,Late delivery,50.88
158,9153,2024-09-10,Changed mind,103.36
159,9165,2024-10-17,Late delivery,435.63
160,9281,2024-09-01,Not as described,382.31
161,9330,2024-03-28,Wrong item,99.95
162,9449,2025-11-03,Late delivery,25.79
163,9496,2024-05-22,Wrong item,15.28
164,9522,2024-11-10,Not as described,178.81
165,9553,2024-06-07,Not as described,137.13
166,9569,2024-09-04,Late delivery,133.86
167,9692,2024-05-25,Damaged,17.64
168,9755,2024-01-15,Changed mind,11.11
169,9768,2025-05-19,Late delivery,224.87
170,9874,2025-05-26,Wrong item,90.82
171,10028,2025-12-26,Late delivery,17.41
172,10029,2024-02-24,Damaged,69.87
173,10059,2024-05-02,Changed mind,264.82
174,10092,2025-10-18,Damaged,132.71
175,10184,2024-08-31,Not as described,500.56
176,10187,2024-05-08,Changed mind,379.57
177,10206,2025-06-06,Not as described,46.74
178,10217,2024-08-21,Changed mind,193.3
179,10228,2025-12-04,Not as described,37.53
180,10230,2025-03-02,Damaged,7.47
181,10263,2024-05-10,Wrong item,112.83
182,10267,2025-05-02,Late delivery,46.13
183,10310,2024-04-03,Wrong item,100.98
184,10341,2024-06-27,Wrong item,571.4
185,10397,2024-10-17,Changed mind,203.3
186,10417,2025-11-12,Wrong item,280.97
187,10457,2024-11-22,Damaged,81.16
188,10468,2025-02-16,Late delivery,228.03
189,10470,2025-11-12,Damaged,225.3
190,10499,2024-10-22,Not as described,75.35
191,10535,2024-12-26,Late delivery,186.72
192,10706,2024-07-03,Not as described,191.13
193,10743,2024-02-09,Late delivery,35.41
194,10772,2024-03-22,Not as described,142.97
195,10792,2025-01-13,Changed mind,195.25
196,10927,2024-11-28,Changed mind,547.14
197,10928,2024-04-13,Wrong item,37.9
198,10944,2025-02-23,Not as described,418.55
199,10968,2024-03-22,Damaged,17.46
200,10996,2024-07-15,Not as described,40.18
201,11086,2024-06-24,Late delivery,77.25
202,11092,2024-05-01,Wrong item,184.3
203,11095,2024-12-03,Not as described,115.05
204,11151,2024-08-23,Wrong item,157.45
205,11371,2024-02-05,Wrong item,42.02
206,11413,2025-06-19,Late delivery,66.33
207,11500,2024-03-17,Damaged,455.9
208,11575,2025-05-23,Damaged,277.98
209,11614,2025-09-25,Late delivery,427.43
210,11671,2025-06-12,Not as described,142.86
211,11675,2025-02-07,Changed mind,108.47
212,11696,2024-02-19,Late delivery,169.49
213,11819,2024-08-24,Late delivery,83.55
214,11842,2025-06-28,Changed mind,254.51
215,12055,2025-04-16,Not as described,23.39
216,12168,2024-02-24,Damaged,98.45
217,12173,2024-03-30,Damaged,86.05
218,12245,2025-08-29,Damaged,144.57
219,12246,2025-05-22,Wrong item,123.73
220,12282,2026-01-17,Changed mind,28.25
221,12338,2024-05-01,Changed mind,49.08
222,12388,2024-09-27,Wrong item,259.35
223,12585,2025-11-14,Late delivery,33.76
224,12613,2025-04-15,Damaged,193.28
225,12651,2025-02-03,Changed mind,180.96
226,12886,2025-03-12,Damaged,628.94
227,12949,2024-06-10,Not as described,289.41
228,12994,2025-08-26,Late delivery,22.78
229,13010,2024-03-12,Late delivery,494.27
230,13037,2025-05-06,Wrong item,421.41
231,13049,2024-05-20,Damaged,107.1
232,13196,2025-02-13,Late delivery,274.4
233,13421,2025-05-07,Changed mind,315.07
234,13508,2024-05-21,Late delivery,20.45
235,13572,2025-03-06,Wrong item,165.91
236,13604,2025-05-31,Late delivery,382.76
237,13616,2025-05-13,Wrong item,293.1
238,13627,2025-09-10,Wrong item,405.97
239,13643,2024-07-02,Wrong item,78.77
240,13710,2025-10-21,Changed mind,450.12
241,13716,2024-04-03,Changed mind,102.47
242,13744,2025-06-02,Wrong item,296.24
243,13783,2024-04-06,Wrong item,129.17
244,13826,2025-01-12,Changed mind,307.91
245,13857,2024-08-27,Wrong item,96.0
246,13861,2025-06-05,Wrong item,246.88
247,13867,2025-02-05,Changed mind,217.29
248,13878,2024-03-17,Changed mind,58.47
249,13918,2025-03-04,Not as described,330.56
250,14010,2025-04-17,Changed mind,597.3
251,14106,2024-10-31,Wrong item,220.28
252,14160,2026-01-09,Changed mind,114.56
253,14168,2024-12-25,Changed mind,228.06
254,14251,2025-08-01,Changed mind,37.72
255,14273,2024-11-12,Damaged,43.52
256,14277,2025-06-23,Wrong item,180.92
257,14369,2025-07-04,Wrong item,20.0
258,14422,2025-05-25,Damaged,22.32
259,14564,2024-10-13,Not as described,155.31
260,14596,2025-01-14,Changed mind,67.3
261,14607,2025-08-24,Damaged,17.86
262,14612,2024-11-14,Changed mind,78.15
263,14614,2025-12-09,Damaged,47.19
264,14661,2024-01-20,Not as described,49.31
265,14702,2026-01-21,Changed mind,558.51
266,14800,2025-04-09,Changed mind,201.77
267,14855,2025-11-06,Damaged,25.13
268,14885,2024-05-15,Late delivery,207.98
269,14894,2025-01-07,Damaged,540.66
270,14919,2024-01-15,Changed mind,349.41
271,14925,2024-05-15,Changed mind,55.68
272,14992,2025-04-07,Not as described,28.94
273,15005,2024-07-25,Not as described,67.37
274,15026,2025-01-04,Damaged,19.59
275,15070,2024-09-10,Wrong item,16.76
276,15105,2024-06-03,Wrong item,21.03
277,15121,2025-02-24,Changed mind,10.55
278,15268,2024-11-14,Late delivery,132.84
279,15352,2024-10-10,Damaged,400.73
280,15432,2025-05-13,Damaged,254.58
281,15471,2024-06-20,Not as described,95.38
282,15495,2024-04-18,Not as described,125.06
283,15500,2024-02-24,Changed mind,166.64
284,15503,2025-08-22,Not as described,63.33
285,15668,2024-02-01,Changed mind,137.09
286,15683,2025-01-21,Wrong item,100.09
287,15694,2025-04-13,Wrong item,176.72
288,15745,2024-12-10,Changed mind,326.64
289,15768,2025-03-15,Damaged,10.16
290,15771,2024-11-30,Changed mind,129.15
291,15816,2024-06-16,Not as described,303.93
292,15828,2025-02-06,Wrong item,70.68
293,15837,2025-03-20,Changed mind,370.36
294,15874,2024-07-20,Damaged,107.74
295,16012,2024-06-10,Late delivery,254.55
296,16062,2024-05-19,Late delivery,238.62
297,16097,2025-08-25,Damaged,18.39
298,16112,2025-10-13,Wrong item,432.83
299,16231,2024-10-02,Wrong item,124.39
300,16241,2025-01-09,Late delivery,115.44
301,16255,2024-07-18,Late delivery,51.09
302,16293,2025-08-28,Changed mind,124.0
303,16408,2025-12-07,Wrong item,303.81
304,16445,2024-07-11,Changed mind,47.72
305,16476,2024-04-28,Damaged,37.74
306,16536,2025-12-23,Late delivery,392.86
307,16581,2025-12-03,Late delivery,50.49
308,16597,2025-03-20,Not as described,74.3
309,16670,2024-04-07,Not as described,207.58
310,16695,2025-08-09,Not as described,70.77
311,16718,2024-06-24,Wrong item,369.47
312,16753,2024-10-24,Damaged,227.37
313,16805,2024-03-16,Changed mind,173.96
314,16898,2024-07-31,Changed mind,76.94
315,16980,2025-09-10,Wrong item,330.32
316,17082,2025-09-28,Damaged,359.93
317,17094,2024-09-12,Wrong item,496.96
318,17107,2025-03-07,Changed mind,1150.68
319,17142,2024-02-20,Changed mind,44.94
320,17154,2024-07-06,Wrong item,141.49
321,17162,2025-09-11,Wrong item,235.87
322,17205,2024-08-26,Changed mind,21.8
323,17222,2025-12-12,Changed mind,486.09
324,17268,2024-05-17,Wrong item,108.93
325,17322,2024-07-19,Late delivery,123.26
326,17330,2025-05-24,Changed mind,295.28
327,17476,2024-08-30,Late delivery,44.52
328,17496,2024-11-26,Not as described,172.24
329,17549,2024-12-21,Late delivery,25.77
330,17640,2025-02-27,Wrong item,45.63
331,17712,2025-02-17,Wrong item,10.18
332,17745,2025-12-10,Not as described,99.84
333,17751,2024-07-04,Late delivery,192.93
334,17932,2024-04-11,Wrong item,40.1
335,17941,2024-12-21,Changed mind,16.04
336,18021,2025-12-16,Late delivery,47.68
337,18087,2024-07-17,Changed mind,295.77
338,18093,2025-12-02,Wrong item,251.28
339,18099,2024-12-31,Wrong item,108.7
340,18119,2025-11-09,Changed mind,356.6
341,18242,2024-02-29,Damaged,102.25
342,18263,2025-12-11,Changed mind,47.19
343,18279,2025-03-25,Wrong item,292.24
344,18365,2024-06-07,Changed mind,919.5
345,18403,2024-05-02,Not as described,371.87
346,18405,2025-07-11,Wrong item,295.44
347,18459,2025-07-03,Damaged,240.37
348,18490,2024-07-08,Not as described,19.01
349,18505,2024-05-10,Damaged,193.98
350,18538,2024-10-12,Damaged,187.45
351,18573,2024-12-07,Changed mind,311.45
352,18603,2024-09-12,Changed mind,694.71
353,18633,2025-10-26,Wrong item,45.53
354,18650,2025-05-02,Changed mind,580.51
355,18656,2025-06-15,Wrong item,45.74
356,18662,2025-02-18,Damaged,45.93
357,18678,2025-10-18,Damaged,220.01
358,18688,2024-06-07,Late delivery,11.45
359,18701,2025-11-04,Wrong item,118.76
360,18711,2025-02-10,Late delivery,133.9
361,18745,2025-07-25,Damaged,431.63
362,18754,2024-12-01,Damaged,14.78
363,18761,2024-09-27,Damaged,199.85
364,18818,2024-09-06,Not as described,299.75
365,18843,2024-06-01,Late delivery,137.41
366,18848,2024-02-21,Damaged,345.29
367,18870,2024-04-19,Wrong item,566.9
368,18875,2025-04-17,Not as described,586.5
369,18891,2024-02-14,Not as described,72.94
370,18904,2024-07-25,Changed mind,19.92
371,18972,2025-02-03,Damaged,44.81
372,18992,2025-05-21,Damaged,180.0
373,19053,2025-09-25,Wrong item,217.43
374,19108,2025-03-18,Not as described,15.02
375,19116,2025-11-26,Damaged,160.01
376,19121,2025-08-12,Damaged,99.41
377,19241,2025-07-29,Late delivery,180.45
378,19285,2025-10-10,Wrong item,110.09
379,19380,2024-12-25,Late delivery,709.86
380,19415,2025-08-04,Changed mind,748.32
381,19458,2025-03-15,Damaged,137.64
382,19538,2024-10-23,Late delivery,768.79
383,19585,2024-11-13,Late delivery,26.04
384,19589,2025-09-12,Changed mind,445.22
385,19625,2025-06-04,Late delivery,65.96
386,19659,2024-02-17,Not as described,292.52
387,19717,2025-06-16,Changed mind,63.97
388,19799,2025-09-11,Damaged,57.25
389,19816,2026-01-10,Changed mind,159.31
390,19845,2026-01-12,Late delivery,59.31
391,19916,2025-02-18,Not as described,87.58
392,19956,2026-01-17,Late delivery,11.49
393,19963,2025-06-20,Damaged,179.9
394,19981,2025-05-11,Not as described,215.29
395,20052,2025-01-16,Wrong item,310.98
396,20110,2025-11-09,Changed mind,475.73
397,20115,2024-08-12,Late delivery,256.72
398,20188,2025-05-20,Changed mind,29.23
399,20234,2024-06-19,Changed mind,41.83
400,20315,2025-03-28,Wrong item,975.31
401,20383,2024-08-18,Not as described,74.82
402,20450,2024-03-28,Wrong item,98.87
403,20471,2025-07-28,Changed mind,25.86
404,20488,2024-10-03,Damaged,40.9
405,20608,2025-09-29,Late delivery,121.79
406,20721,2026-01-03,Not as described,85.83
407,20742,2025-03-24,Late delivery,63.25
408,20814,2025-08-01,Wrong item,98.79
409,20815,2024-12-22,Not as described,273.44
410,20819,2025-07-18,Late delivery,206.46
411,20836,2025-05-14,Wrong item,100.93
412,20870,2025-05-25,Wrong item,50.32
413,20939,2024-05-06,Not as described,138.03
414,21076,2025-05-15,Damaged,97.02
415,21088,2026-01-05,Damaged,174.61
416,21121,2024-03-05,Damaged,312.55
417,21203,2024-05-22,Damaged,295.92
418,21358,2024-01-23,Damaged,17.43
419,21392,2025-10-04,Not as described,617.75
420,21459,2024-09-16,Damaged,68.41
421,21555,2025-08-26,Changed mind,344.1
422,21579,2024-02-09,Wrong item,194.8
423,21627,2025-01-01,Damaged,35.03
424,21682,2024-12-14,Damaged,29.41
425,21697,2025-09-02,Late delivery,10.91
426,21789,2025-10-23,Changed mind,25.08
427,21922,2025-04-26,Damaged,210.52
428,21967,2024-08-09,Changed mind,425.1
429,22014,2025-06-08,Damaged,332.78
430,22050,2024-11-14,Late delivery,335.83
431,22051,2024-08-02,Wrong item,141.04
432,22059,2024-09-17,Wrong item,37.76
433,22127,2024-02-03,Changed mind,289.77
434,22160,2025-05-17,Damaged,376.44
435,22200,2025-06-25,Wrong item,164.13
436,22218,2024-10-13,Not as described,21.42
437,22224,2024-05-19,Late delivery,58.65
438,22227,2025-03-14,Not as described,262.1
439,22370,2024-08-10,Changed mind,94.22
440,22446,2024-09-03,Not as described,91.89
441,22474,2025-12-17,Wrong item,129.38
442,22498,2025-09-05,Changed mind,45.74
443,22517,2024-12-08,Damaged,123.82
444,22618,2025-09-04,Damaged,34.74
445,22628,2025-12-21,Late delivery,71.94
446,22682,2024-05-07,Wrong item,580.7
447,22697,2025-02-28,Late delivery,24.07
448,22705,2024-03-31,Damaged,545.27
449,22710,2024-05-18,Damaged,60.48
450,22728,2025-04-26,Changed mind,49.12
451,22739,2025-08-14,Not as described,58.8
452,22784,2024-02-05,Wrong item,32.4
453,22848,2024-04-25,Damaged,115.53
454,22882,2025-11-24,Not as described,23.77
455,22940,2024-08-07,Damaged,714.09
456,23154,2025-04-03,Damaged,205.87
457,23194,2024-01-11,Not as described,485.46
458,23254,2025-12-25,Wrong item,121.96
459,23289,2025-06-10,Damaged,124.39
460,23302,2025-10-05,Damaged,240.97
461,23331,2025-08-27,Damaged,78.91
462,23376,2025-03-13,Late delivery,298.63
463,23395,2024-11-15,Changed mind,123.47
464,23443,2024-06-27,Changed mind,273.0
465,23503,2025-06-13,Not as described,211.53
466,23538,2024-12-22,Late delivery,165.74
467,23553,2025-06-24,Not as described,24.66
468,23649,2025-07-05,Damaged,36.02
469,23819,2025-06-04,Damaged,204.38
470,23831,2025-09-15,Wrong item,44.19
471,23914,2024-07-14,Wrong item,328.36
472,23916,2025-08-15,Not as described,539.07
473,23989,2025-11-22,Changed mind,113.75
474,24096,2025-04-21,Damaged,69.76
475,24129,2024-05-01,Damaged,99.71
476,24194,2024-09-05,Changed mind,42.65
477,24202,2024-09-05,Not as described,292.71
478,24203,2024-04-27,Late delivery,17.87
479,24205,2025-08-26,Not as described,119.74
480,24270,2025-02-07,Damaged,57.77
481,24298,2025-07-11,Late delivery,296.24
482,24345,2025-08-13,Wrong item,21.08
483,24385,2024-02-18,Wrong item,714.11
484,24396,2025-07-11,Changed mind,253.56
485,24569,2024-11-30,Not as described,27.53
486,24651,2025-06-22,Wrong item,35.87
487,24725,2025-05-12,Not as described,181.29
488,24772,2025-10-16,Damaged,411.29
489,24789,2025-09-16,Damaged,184.14
490,24817,2024-08-10,Changed mind,35.38
491,24844,2024-03-09,Not as described,84.64
492,24910,2024-05-16,Wrong item,423.36
493,24915,2025-10-27,Not as described,698.57
494,24929,2025-10-01,Damaged,26.47
495,25067,2025-09-08,Changed mind,33.22
496,25074,2024-02-25,Damaged,220.63
497,25118,2025-09-02,Late delivery,117.26
498,25184,2025-05-29,Wrong item,737.23
499,25204,2025-09-05,Wrong item,19.63
500,25245,2025-11-18,Not as described,318.68
501,25252,2025-08-16,Not as described,24.03
502,25257,2025-07-28,Late delivery,468.49
503,25385,2024-12-26,Late delivery,166.27
504,25418,2025-09-21,Changed mind,74.81
505,25510,2025-07-04,Not as described,39.65
506,25520,2025-01-03,Not as described,74.85
507,25564,2024-11-18,Late delivery,32.5
508,25593,2024-12-27,Not as described,95.03
509,25615,2024-05-02,Late delivery,99.94
510,25688,2025-04-11,Late delivery,133.25
511,25711,2024-08-25,Not as described,68.5
512,25725,2024-07-12,Damaged,23.88
513,25732,2025-06-16,Not as described,13.3
514,25736,2026-01-21,Changed mind,45.58
515,25824,2025-11-19,Damaged,81.42
516,25863,2025-11-24,Changed mind,134.51
517,25881,2025-04-06,Not as described,103.02
518,25913,2025-07-14,Not as described,478.41
519,25958,2024-08-08,Damaged,19.58
520,26052,2024-08-28,Changed mind,210.1
521,26121,2024-03-26,Not as described,685.44
522,26128,2025-07-10,Late delivery,21.19
523,26153,2025-04-10,Changed mind,48.76
524,26162,2024-03-07,Wrong item,49.13
525,26179,2024-04-28,Damaged,130.73
526,26212,2025-11-17,Changed mind,113.09
527,26225,2025-12-31,Wrong item,423.5
528,26228,2025-03-11,Not as described,65.45
529,26229,2025-12-06,Damaged,425.98
530,26291,2025-01-27,Changed mind,67.68
531,26325,2025-03-21,Not as described,156.63
532,26411,2025-09-07,Late delivery,214.68
533,26441,2024-09-30,Wrong item,47.21
534,26459,2024-02-28,Changed mind,474.71
535,26514,2025-10-09,Damaged,42.44
536,26554,2024-03-31,Late delivery,12.8
537,26555,2025-11-29,Wrong item,294.73
538,26693,2025-01-30,Damaged,44.53
539,26706,2025-08-18,Changed mind,171.45
540,26753,2024-05-18,Damaged,20.12
541,26768,2025-05-10,Damaged,20.02
542,26770,2025-08-30,Wrong item,155.55
543,26852,2025-05-09,Late delivery,269.74
544,26951,2024-11-11,Late delivery,55.63
545,26965,2025-11-23,Damaged,432.12
546,26989,2025-12-19,Late delivery,455.49
547,27040,2025-11-02,Changed mind,34.6
548,27044,2024-11-25,Damaged,49.89
549,27104,2025-06-28,Wrong item,149.88
550,27105,2024-12-24,Late delivery,65.85
551,27199,2025-09-12,Late delivery,42.37
552,27377,2024-11-27,Wrong item,151.57
553,27403,2025-11-14,Late delivery,165.09
554,27532,2025-11-13,Changed mind,19.57
555,27553,2024-07-18,Damaged,153.33
556,27596,2025-07-09,Damaged,361.36
557,27649,2025-02-11,Wrong item,35.02
558,27666,2024-11-03,Changed mind,40.22
559,27680,2024-06-02,Not as described,391.53
560,27706,2025-02-09,Changed mind,101.24
561,27800,2025-05-24,Damaged,51.05
562,27886,2025-09-18,Wrong item,91.04
563,27905,2025-01-28,Wrong item,212.06
564,27958,2025-09-19,Changed mind,45.2
565,27959,2025-06-16,Changed mind,41.19
566,28017,2024-10-06,Late delivery,216.53
567,28171,2024-09-17,Late delivery,69.23
568,28241,2024-04-17,Changed mind,164.8
569,28270,2025-01-18,Late delivery,29.75
570,28462,2025-12-10,Damaged,146.65
571,28545,2025-06-03,Changed mind,228.23
572,28558,2025-07-19,Late delivery,28.68
573,28704,2024-03-02,Wrong item,868.23
574,28730,2025-02-05,Wrong item,188.44
575,28742,2024-03-23,Changed mind,17.5
576,28753,2025-01-01,Not as described,18.63
577,28785,2024-09-02,Not as described,21.59
578,28804,2024-10-22,Damaged,603.04
579,28894,2024-05-23,Wrong item,132.63
580,28898,2024-08-04,Changed mind,52.35
581,28901,2024-09-23,Wrong item,94.36
582,28932,2026-01-16,Not as described,49.57
583,28966,2025-12-14,Wrong item,389.27
584,29059,2024-10-20,Damaged,137.02
585,29136,2025-06-05,Late delivery,16.04
586,29144,2024-08-12,Wrong item,34.3
587,29223,2024-08-19,Not as described,379.93
588,29293,2024-11-05,Changed mind,225.93
589,29423,2024-08-11,Late delivery,56.24
590,29476,2024-10-31,Not as described,401.82
591,29647,2024-04-03,Not as described,334.27
592,29689,2024-02-19,Changed mind,960.54
593,29703,2025-12-16,Late delivery,76.61
594,29741,2025-10-11,Changed mind,84.73
595,29756,2025-11-02,Not as described,359.94
596,29767,2025-10-10,Late delivery,183.01
597,29771,2025-07-09,Late delivery,9.24
598,29778,2024-06-13,Late delivery,255.73
599,29828,2025-10-11,Changed mind,356.62
600,29864,2025-01-01,Late delivery,12.79
601,29865,2025-05-05,Late delivery,373.29
602,29912,2025-05-07,Wrong item,57.73
603,29945,2025-03-20,Late delivery,116.99
604,29946,2024-02-14,Not as described,76.01
605,30036,2024-06-19,Damaged,87.64
606,30081,2024-01-30,Not as described,99.57
607,30128,2025-05-26,Damaged,155.75
608,30156,2025-08-18,Wrong item,19.28
609,30249,2024-12-28,Not as described,154.52
610,30284,2024-10-30,Not as described,224.81
611,30311,2025-08-02,Late delivery,217.88
612,30330,2024-07-29,Wrong item,248.69
613,30332,2025-09-29,Late delivery,28.64
614,30350,2024-07-21,Wrong item,17.47
615,30369,2025-05-24,Damaged,395.17
616,30374,2026-01-09,Wrong item,328.9
617,30388,2024-11-19,Late delivery,89.8
618,30391,2025-08-19,Late delivery,26.84
619,30411,2025-07-03,Damaged,132.35
620,30430,2024-09-03,Wrong item,421.7
621,30464,2024-05-01,Late delivery,183.63
622,30493,2024-03-30,Wrong item,34.59
623,30502,2024-12-15,Changed mind,116.86
624,30616,2025-06-08,Damaged,75.99
625,30618,2025-12-07,Not as described,29.14
626,30721,2024-09-02,Late delivery,122.81
627,30724,2025-04-03,Changed mind,48.51
628,30944,2025-03-05,Wrong item,46.2
629,30947,2025-05-17,Damaged,124.91
630,30995,2024-07-07,Not as described,105.71
631,31003,2024-11-10,Not as described,199.21
632,31021,2024-03-28,Damaged,120.69
633,31089,2025-09-27,Late delivery,262.53
634,31100,2024-11-07,Not as described,45.8
635,31121,2024-04-04,Changed mind,255.13
636,31122,2024-05-17,Damaged,54.13
637,31128,2024-10-20,Not as described,1868.7
638,31322,2025-04-16,Damaged,274.22
639,31343,2025-11-24,Damaged,1401.3
640,31384,2024-09-21,Late delivery,122.15
641,31450,2025-05-12,Changed mind,124.39
642,31461,2024-04-15,Wrong item,6.98
643,31488,2024-12-04,Damaged,9.99
644,31514,2025-03-31,Changed mind,48.54
645,31587,2025-08-13,Changed mind,8.75
646,31591,2025-02-21,Changed mind,129.66
647,31689,2025-03-06,Not as described,19.33
648,31696,2025-06-18,Late delivery,22.4
649,31715,2025-09-27,Not as described,120.23
650,31735,2025-04-18,Wrong item,53.99
651,31779,2025-12-30,Changed mind,16.1
652,31848,2024-02-06,Changed mind,15.38
